name,category,rating,review_count,address,phone,website,google_maps_url
Dilpasand Restaurant,Pakistani restaurant,4.6,,"111-113 Commercial Rd, London E1 1RD, United Kingdom",+442072470285,http://www.dilpasandrestaurant.com/,https://www.google.com/maps/place/Dilpasand+Restaurant/data=!4m7!3m6!1s0x4876032480e42057:0xb7c86bdd21fc1816!8m2!3d51.514936!4d-0.0635997!16s%2Fg%2F11fpsv2sv0!19sChIJVyDkgCQDdkgRFhj8Id1ryLc?authuser=0&hl=en&rclk=1
Lahore Village,Pakistani restaurant,4.9,,"364 Uxbridge Rd, London W12 7LL, United Kingdom",+442036746564,https://lahorevillage.shop/,https://www.google.com/maps/place/Lahore+Village/data=!4m7!3m6!1s0x48760fe557b8bac5:0xa7783c23209fb1ae!8m2!3d51.506586!4d-0.2342192!16s%2Fg%2F11qh30gf5z!19sChIJxbq4V-UPdkgRrrGfICM8eKc?authuser=0&hl=en&rclk=1
Taste of Lahore,Pakistani restaurant,4.7,,"256 Edgware Rd, London W2 1DS, United Kingdom",+442077240300,http://www.toledgwareroad.co.uk/,https://www.google.com/maps/place/Taste+of+Lahore/data=!4m7!3m6!1s0x48761b32f15d5dbd:0xde67aeab5609fb7e!8m2!3d51.5192839!4d-0.1687891!16s%2Fg%2F11jz_srybt!19sChIJvV1d8TIbdkgRfvsJVquuZ94?authuser=0&hl=en&rclk=1
Lahore One Restaurant,Pakistani restaurant,4.4,,"218 Commercial Rd, London E1 2JT, United Kingdom",+442077910112,http://lahoreone.co.uk/,https://www.google.com/maps/place/Lahore+One+Restaurant/data=!4m7!3m6!1s0x48760332b1e27eb1:0x5b133d4ac85ab57d!8m2!3d51.5145505!4d-0.0594073!16s%2Fg%2F1v1skq1p!19sChIJsX7isTIDdkgRfbVayEo9E1s?authuser=0&hl=en&rclk=1
Dera - Authentic Pakistani Cuisine,Pakistani restaurant,4.6,,"248 Kingsbury Rd, London NW9 0BG, United Kingdom",+442089307940,http://www.dera.org.uk/,https://www.google.com/maps/place/Dera+-+Authentic+Pakistani+Cuisine/data=!4m7!3m6!1s0x487611d222e746e1:0xbe16afbbd7b54fec!8m2!3d51.583868!4d-0.2642841!16s%2Fg%2F11h7fnnbpf!19sChIJ4UbnItIRdkgR7E-117uvFr4?authuser=0&hl=en&rclk=1
Spice Village,Pakistani restaurant,4.6,,121 Upper Tooting Rd,,,https://www.google.com/maps/place/Spice+Village/data=!4m7!3m6!1s0x487605de67e339d5:0xfaa7d39b3b1d7dca!8m2!3d51.4327516!4d-0.1634904!16s%2Fg%2F1tl0wtnr!19sChIJ1TnjZ94FdkgRyn0dO5vTp_o?authuser=0&hl=en&rclk=1
PAR LONDON - PAK AL REYAN RESTAURANT,Pakistani restaurant,4.8,,57 Hoe St,,,https://www.google.com/maps/place/PAR+LONDON+-+PAK+AL+REYAN+RESTAURANT/data=!4m7!3m6!1s0x48761db887ec2913:0x15bedcfd75d31f7d!8m2!3d51.5876321!4d-0.0206568!16s%2Fg%2F11l733q0dk!19sChIJEynsh7gddkgRfR_Tdf3cvhU?authuser=0&hl=en&rclk=1
Little Lahore Shepherds Bush,Pakistani restaurant,4.8,,160 Uxbridge Rd,,,https://www.google.com/maps/place/Little+Lahore+Shepherds+Bush/data=!4m7!3m6!1s0x48760d005801bfc7:0x914a85aac1b41b11!8m2!3d51.5051613!4d-0.2238445!16s%2Fg%2F11x5t12lnr!19sChIJx78BWAANdkgRERu0waqFSpE?authuser=0&hl=en&rclk=1
Lahore Karahi,Pakistani restaurant,4.2,,1 Tooting High St,,,https://www.google.com/maps/place/Lahore+Karahi/data=!4m7!3m6!1s0x48760727cb2c835f:0x5b904862ce929991!8m2!3d51.4295269!4d-0.1660938!16s%2Fg%2F11h6tjnnnh!19sChIJX4MsyycHdkgRkZmSzmJIkFs?authuser=0&hl=en&rclk=1
Aladin Kebabish,Pakistani restaurant,4.2,,147-149 W Hendon Broadway,,,https://www.google.com/maps/place/Aladin+Kebabish/data=!4m7!3m6!1s0x4876111f7b03778d:0xf3a6c1a7f528fcc7!8m2!3d51.5767685!4d-0.2390294!16s%2Fg%2F11b7lmj4v1!19sChIJjXcDex8RdkgRx_wo9afBpvM?authuser=0&hl=en&rclk=1
Karachi Cuisine,Pakistani restaurant,4.3,,1113-1115 London Rd,,,https://www.google.com/maps/place/Karachi+Cuisine/data=!4m7!3m6!1s0x487606e8165f8485:0x42661c792af8f5fe!8m2!3d51.401986!4d-0.1189774!16s%2Fg%2F1hc9dbbrz!19sChIJhYRfFugGdkgR_vX4KnkcZkI?authuser=0&hl=en&rclk=1
Tayyabs,Punjabi restaurant,3.9,,83-89 Fieldgate St,,,https://www.google.com/maps/place/Tayyabs/data=!4m7!3m6!1s0x48761ccb72da71b1:0x187b9124f0a57a52!8m2!3d51.5172755!4d-0.0634863!16s%2Fg%2F1hd_71hn7!19sChIJsXHacsscdkgRUnql8CSRexg?authuser=0&hl=en&rclk=1
Shalamar Kebab House,Pakistani restaurant,4.4,,95 New Rd,,,https://www.google.com/maps/place/Shalamar+Kebab+House/data=!4m7!3m6!1s0x48761ddf93d10bdb:0xba9ad4a9430fc0b2!8m2!3d51.5172058!4d-0.062616!16s%2Fg%2F1hc2w3_x1!19sChIJ2wvRk98ddkgRssAPQ6nUmro?authuser=0&hl=en&rclk=1
Namak Mandi,Pakistani restaurant,4.4,,25 Upper Tooting Rd,,,https://www.google.com/maps/place/Namak+Mandi/data=!4m7!3m6!1s0x487605de8bf7e2fd:0x23dd6a97be7b7bc5!8m2!3d51.4350697!4d-0.1606976!16s%2Fg%2F1hc3qbck3!19sChIJ_eL3i94FdkgRxXt7vpdq3SM?authuser=0&hl=en&rclk=1
Taste of Pakistan Restaurant and Take away,Pakistani restaurant,4.4,,369 Hanworth Rd,,,https://www.google.com/maps/place/Taste+of+Pakistan+Restaurant+and+Take+away/data=!4m7!3m6!1s0x4876734a83808211:0xc857e32067f9fd79!8m2!3d51.4587954!4d-0.3710133!16s%2Fg%2F1hc1pgwnq!19sChIJEYKAg0pzdkgRef35ZyDjV8g?authuser=0&hl=en&rclk=1
Lahori Nihaari London,Pakistani restaurant,4.1,,50 Plashet Grove,,,https://www.google.com/maps/place/Lahori+Nihaari+London/data=!4m7!3m6!1s0x47d8a7b7ea024f45:0xa8bcf3b13580b755!8m2!3d51.5369759!4d0.0366534!16s%2Fg%2F1tlkbn26!19sChIJRU8C6ren2EcRVbeANbHzvKg?authuser=0&hl=en&rclk=1
Taste of Lahore Harrow,Pakistani restaurant,4.4,,251 Station Rd,,,https://www.google.com/maps/place/Taste+of+Lahore+Harrow/data=!4m7!3m6!1s0x4876137674ddf5a1:0x795a131899e07b4!8m2!3d51.5831162!4d-0.3319532!16s%2Fg%2F1th5c1x2!19sChIJofXddHYTdkgRtAeeiTGhlQc?authuser=0&hl=en&rclk=1
Salloos,Pakistani restaurant,4.2,,62-64 Kinnerton St,,,https://www.google.com/maps/place/Salloos/data=!4m7!3m6!1s0x4876053a4a93c693:0xa5e99e5c2950952f!8m2!3d51.5016875!4d-0.156929!16s%2Fg%2F1tgk02yl!19sChIJk8aTSjoFdkgRL5VQKVye6aU?authuser=0&hl=en&rclk=1
Zayna,Pakistani restaurant,4.3,,25 New Quebec St,,,https://www.google.com/maps/place/Zayna/data=!4m7!3m6!1s0x4876053352b0739d:0xb97c7cafb1a02c9b!8m2!3d51.5149792!4d-0.1582701!16s%2Fg%2F1tf35f84!19sChIJnXOwUjMFdkgRmyygsa98fLk?authuser=0&hl=en&rclk=1
Mirch Masala Tooting,Pakistani restaurant,4.5,,213 Upper Tooting Rd,,,https://www.google.com/maps/place/Mirch+Masala+Tooting/data=!4m7!3m6!1s0x4876060aa16f7e6d:0xa56e155f0455f1f9!8m2!3d51.43054!4d-0.165207!16s%2Fg%2F1tg80yky!19sChIJbX5voQoGdkgR-fFVBF8VbqU?authuser=0&hl=en&rclk=1
KHAAO,Pakistani restaurant,4.3,,Camden Lock Market Unit WY21,,,https://www.google.com/maps/place/KHAAO/data=!4m7!3m6!1s0x48761b3c6133dde3:0xa8b7b93adc6ae39f!8m2!3d51.5412934!4d-0.1463145!16s%2Fg%2F11fwjvzqdw!19sChIJ490zYTwbdkgRn-Nq3Dq5t6g?authuser=0&hl=en&rclk=1
Salwa Restaurant,Pakistani restaurant,4.5,,4 Crawford Pl,,,https://www.google.com/maps/place/Salwa+Restaurant/data=!4m7!3m6!1s0x48761ab5a14b4837:0x92e54a7b40b03e9f!8m2!3d51.5177813!4d-0.1663496!16s%2Fg%2F1tghcmm0!19sChIJN0hLobUadkgRnz6wQHtK5ZI?authuser=0&hl=en&rclk=1
Biryani guys,Pakistani restaurant,4.6,,49 Bedford St,,,https://www.google.com/maps/place/Biryani+guys/data=!4m7!3m6!1s0x48760500407f9beb:0x3202af67ce67867f!8m2!3d51.5099611!4d-0.1235502!16s%2Fg%2F11ldp_wy6_!19sChIJ65t_QAAFdkgRf4ZnzmevAjI?authuser=0&hl=en&rclk=1
Lahori Karahi Commercial Road (East London),Pakistani restaurant,4.4,,230 Commercial Rd,,,https://www.google.com/maps/place/Lahori+Karahi+Commercial+Road+%28East+London%29/data=!4m7!3m6!1s0x48760388c749b447:0xcc13a60f9b1bd777!8m2!3d51.514432!4d-0.0584538!16s%2Fg%2F11xggkf4xq!19sChIJR7RJx4gDdkgRd9cbmw-mE8w?authuser=0&hl=en&rclk=1
Koyla Lahore Karahi,Pakistani restaurant,3.9,,31 Seven Sisters Rd,,,https://www.google.com/maps/place/Koyla+Lahore+Karahi/data=!4m7!3m6!1s0x48761ba026120f0b:0x1e9182321da6a59a!8m2!3d51.5587885!4d-0.1180252!16s%2Fg%2F11b75h9xvh!19sChIJCw8SJqAbdkgRmqWmHTKCkR4?authuser=0&hl=en&rclk=1
Raavi Kebab,Pakistani restaurant,4.0,,125 Drummond St,,,https://www.google.com/maps/place/Raavi+Kebab/data=!4m7!3m6!1s0x48761b266a0b45c1:0x38ba2997eb24c57c!8m2!3d51.5270419!4d-0.1366368!16s%2Fg%2F1vyxhx6y!19sChIJwUULaiYbdkgRfMUk65cpujg?authuser=0&hl=en&rclk=1
Shaheen Tandoori Restaurant,Pakistani restaurant,4.3,,215 Waterloo Rd,,,https://www.google.com/maps/place/Shaheen+Tandoori+Restaurant/data=!4m7!3m6!1s0x487604bb5b085715:0xff53fdc899ace142!8m2!3d51.5000614!4d-0.1071532!16s%2Fg%2F11cfjdfwc!19sChIJFVcIW7sEdkgRQuGsmcj9U_8?authuser=0&hl=en&rclk=1
Lahore Biryani,Pakistani restaurant,4.1,,330 Edgware Rd,,,https://www.google.com/maps/place/Lahore+Biryani/data=!4m7!3m6!1s0x48761ab14fdcb82f:0xc1596b8aa39e1a81!8m2!3d51.5208975!4d-0.1709786!16s%2Fg%2F1tgp08q4!19sChIJL7jcT7EadkgRgRqeo4prWcE?authuser=0&hl=en&rclk=1
Needoo Grill,Punjabi restaurant,4.0,,87 New Rd,,,https://www.google.com/maps/place/Needoo+Grill/data=!4m7!3m6!1s0x48761ccceebb76cd:0xf1c2fe3b0512afa1!8m2!3d51.5170168!4d-0.0626455!16s%2Fg%2F1vspq_2g!19sChIJzXa77swcdkgRoa8SBTv-wvE?authuser=0&hl=en&rclk=1
Shezan,Pakistani restaurant,4.2,,16-22 Cheval Pl,,,https://www.google.com/maps/place/Shezan/data=!4m7!3m6!1s0x48760540d21c8a2f:0x391456c36d6178fb!8m2!3d51.4988764!4d-0.1668078!16s%2Fg%2F1tj2hc9y!19sChIJL4oc0kAFdkgR-3hhbcNWFDk?authuser=0&hl=en&rclk=1
Naan Staap®,Halal restaurant,4.4,,97 New Rd,,,https://www.google.com/maps/place/Naan+Staap%C2%AE/data=!4m7!3m6!1s0x48761d006976c419:0x71fc22e486d149ee!8m2!3d51.5173748!4d-0.062714!16s%2Fg%2F11pb216x_y!19sChIJGcR2aQAddkgR7knRhuQi_HE?authuser=0&hl=en&rclk=1
Shabab,Pakistani restaurant,4.4,,33 Uxbridge Rd,,,https://www.google.com/maps/place/Shabab/data=!4m7!3m6!1s0x48760fd194914cb7:0x2f170655002a8f97!8m2!3d51.5057268!4d-0.2281012!16s%2Fg%2F1yh9tsqf5!19sChIJt0yRlNEPdkgRl48qAFUGFy8?authuser=0&hl=en&rclk=1
Miran Masala,Pakistani restaurant,4.4,,3 Hammersmith Rd,,,https://www.google.com/maps/place/Miran+Masala/data=!4m7!3m6!1s0x48760feb02c3fa8d:0x9085edb67b523595!8m2!3d51.4958417!4d-0.2081985!16s%2Fg%2F1tg_l34k!19sChIJjfrDAusPdkgRlTVSe7bthZA?authuser=0&hl=en&rclk=1
Royal Mahal,Pakistani restaurant,4.5,,32-36 Upper Tooting Rd,,,https://www.google.com/maps/place/Royal+Mahal/data=!4m7!3m6!1s0x4876055124e622a5:0xd29973fa7d525c0f!8m2!3d51.4350103!4d-0.1614406!16s%2Fg%2F11kzgyy5jf!19sChIJpSLmJFEFdkgRD1xSffpzmdI?authuser=0&hl=en&rclk=1
Shah Tandoori,Indian restaurant,4.7,,159 Drummond St,,,https://www.google.com/maps/place/Shah+Tandoori/data=!4m7!3m6!1s0x48761b26344468cf:0x4c3a229b9e296e7c!8m2!3d51.526498!4d-0.138152!16s%2Fg%2F1vfn6424!19sChIJz2hENCYbdkgRfG4pnpsiOkw?authuser=0&hl=en&rclk=1
Meraz,Pakistani restaurant,4.6,,56 Hanbury St,,,https://www.google.com/maps/place/Meraz/data=!4m7!3m6!1s0x48761cb5fd76a2bd:0x7d565d972f273cff!8m2!3d51.5202556!4d-0.070975!16s%2Fg%2F1tdc03m2!19sChIJvaJ2_bUcdkgR_zwnL5ddVn0?authuser=0&hl=en&rclk=1
MIRAN MASALA Fine Punjabi cuisine,Pakistani restaurant,4.9,,54 Porchester Rd,,,https://www.google.com/maps/place/MIRAN+MASALA+Fine+Punjabi+cuisine/data=!4m7!3m6!1s0x487611844be226c1:0x799218bc903db592!8m2!3d51.5181992!4d-0.1888183!16s%2Fg%2F11w4rvk0m8!19sChIJwSbiS4QRdkgRkrU9kLwYknk?authuser=0&hl=en&rclk=1
Babuji,Pakistani restaurant,4.7,,343 Kentish Town Rd,,,https://www.google.com/maps/place/Babuji/data=!4m7!3m6!1s0x48761bbb0862ad6d:0xc0a7bf5f18a29116!8m2!3d51.5505886!4d-0.1408594!16s%2Fg%2F11h00013m5!19sChIJba1iCLsbdkgRFpGiGF-_p8A?authuser=0&hl=en&rclk=1
Dishoom Shoreditch,Indian restaurant,4.8,,7 Boundary St,,,https://www.google.com/maps/place/Dishoom+Shoreditch/data=!4m7!3m6!1s0x48761cba02358bc5:0xe77da8b93c776df8!8m2!3d51.5245002!4d-0.0765998!16s%2Fg%2F1hf08nz33!19sChIJxYs1ArocdkgR-G13PLmofec?authuser=0&hl=en&rclk=1
The Sitara,Punjabi restaurant,4.8,,784 Holloway Rd,,,https://www.google.com/maps/place/The+Sitara/data=!4m7!3m6!1s0x48761bae5667bf15:0xfdd7e2f533a4765f!8m2!3d51.5649805!4d-0.1326458!16s%2Fg%2F1vlqppnm!19sChIJFb9nVq4bdkgRX3akM_Xi1_0?authuser=0&hl=en&rclk=1
Feast and Mishti,Bangladeshi restaurant,3.5,,247 Whitechapel Rd,,,https://www.google.com/maps/place/Feast+and+Mishti/data=!4m7!3m6!1s0x48761ccdc6e1e8e9:0xf195fc93494b1ee4!8m2!3d51.5191562!4d-0.0607814!16s%2Fg%2F1hc243mlp!19sChIJ6ejhxs0cdkgR5B5LSZP8lfE?authuser=0&hl=en&rclk=1
Salaam Namaste,Pakistani restaurant,4.2,,68 Millman St,,,https://www.google.com/maps/place/Salaam+Namaste/data=!4m7!3m6!1s0x48761b37da470995:0x35bfe1f633b74efe!8m2!3d51.5236074!4d-0.1178445!16s%2Fg%2F1thlmkjh!19sChIJlQlH2jcbdkgR_k63M_bhvzU?authuser=0&hl=en&rclk=1
Peri Fellas,Pakistani restaurant,4.6,,2 Greycoat Pl,,,https://www.google.com/maps/place/Peri+Fellas/data=!4m7!3m6!1s0x48760556dc2b87e5:0x45959ff910600d63!8m2!3d51.4965288!4d-0.1339844!16s%2Fg%2F11sjtnry2s!19sChIJ5Ycr3FYFdkgRYw1gEPmflUU?authuser=0&hl=en&rclk=1
The Mughal's Indian Restaurant (Paddington),Pakistani restaurant,4.8,,11 London St,,,https://www.google.com/maps/place/The+Mughal%27s+Indian+Restaurant+%28Paddington%29/data=!4m7!3m6!1s0x48761ab2cf24aa69:0x41d27f4f9be05d4a!8m2!3d51.5154146!4d-0.1744195!16s%2Fg%2F1tcxp4jv!19sChIJaaokz7IadkgRSl3gm09_0kE?authuser=0&hl=en&rclk=1
Bundu Khan,Pakistani restaurant,,,12-20 Osborn St,,,https://www.google.com/maps/place/Bundu+Khan/data=!4m7!3m6!1s0x48761cb4fd5a60b3:0xe8282c76d19f64f0!8m2!3d51.5167421!4d-0.0699906!16s%2Fg%2F1thtcm99!19sChIJs2Ba_bQcdkgR8GSf0XYsKOg?authuser=0&hl=en&rclk=1
Graam Bangla,Bangladeshi restaurant,4.7,,68 Brick Ln,,,https://www.google.com/maps/place/Graam+Bangla/data=!4m7!3m6!1s0x48761cb5e652349d:0xca45b6cb1f75d666!8m2!3d51.5188667!4d-0.0714707!16s%2Fg%2F1ts_62b6!19sChIJnTRS5rUcdkgRZtZ1H8u2Rco?authuser=0&hl=en&rclk=1
Spice Grills,Pakistani restaurant,4.8,,4 Shepherds Bush Rd,,,https://www.google.com/maps/place/Spice+Grills/data=!4m7!3m6!1s0x48760fc57bd3f869:0x1223e26e6b8be180!8m2!3d51.5029067!4d-0.2232607!16s%2Fg%2F1tfzwzm7!19sChIJafjTe8UPdkgRgOGLa27iIxI?authuser=0&hl=en&rclk=1
Preem Brick Lane,Indian restaurant,4.7,,"120, 122 Brick Ln",,,https://www.google.com/maps/place/Preem+Brick+Lane/data=!4m7!3m6!1s0x48761cb5e032ce61:0xa2e6f3784ab2cf4e!8m2!3d51.5201943!4d-0.0717318!16s%2Fg%2F11c6qs332q!19sChIJYc4y4LUcdkgRTs-ySnjz5qI?authuser=0&hl=en&rclk=1
Shahi Zaika,Pakistani restaurant,4.3,,165 Merton Rd,,,https://www.google.com/maps/place/Shahi+Zaika/data=!4m7!3m6!1s0x48760f2e23aaac6b:0x1a08496bf2aaa97b!8m2!3d51.4507571!4d-0.1985493!16s%2Fg%2F11gjt24lvf!19sChIJa6yqIy4PdkgRe6mq8mtJCBo?authuser=0&hl=en&rclk=1
Afghan Kitchen,Afghan restaurant,4.4,,35 Islington Grn,,,https://www.google.com/maps/place/Afghan+Kitchen/data=!4m7!3m6!1s0x48761b5d7f949f69:0x8c807fd2c7bbfea1!8m2!3d51.5357842!4d-0.1029881!16s%2Fg%2F1yglpxztv!19sChIJaZ-Uf10bdkgRof67x9J_gIw?authuser=0&hl=en&rclk=1
Namaaste Kitchen,Pakistani restaurant,4.3,,64 Parkway,,,https://www.google.com/maps/place/Namaaste+Kitchen/data=!4m7!3m6!1s0x48761ae0ea5c5303:0xeb780e9e8a8c4dd7!8m2!3d51.537991!4d-0.145004!16s%2Fg%2F1tgpmhw2!19sChIJA1Nc6uAadkgR102Mip4OeOs?authuser=0&hl=en&rclk=1
Chatkhara Restaurant,Pakistani restaurant,4.0,,84 Walworth Rd,,,https://www.google.com/maps/place/Chatkhara+Restaurant/data=!4m7!3m6!1s0x4876049f47f2faad:0xc118a1ac7e12a217!8m2!3d51.4928208!4d-0.0988256!16s%2Fg%2F1tdwjz_6!19sChIJrfryR58EdkgRF6ISfqyhGME?authuser=0&hl=en&rclk=1
Blossom By Khans,Pakistani restaurant,4.8,,159 Lavender Hill,,,https://www.google.com/maps/place/Blossom+By+Khans/data=!4m7!3m6!1s0x487605a3796b5127:0x5645cbda72f35f87!8m2!3d51.4648421!4d-0.158767!16s%2Fg%2F1wyc3tgm!19sChIJJ1FreaMFdkgRh1_zctrLRVY?authuser=0&hl=en&rclk=1
Zaffrani,Indian restaurant,4.5,,47 Cross St,,,https://www.google.com/maps/place/Zaffrani/data=!4m7!3m6!1s0x48761b66dd1a5a0b:0xff4968a2d8aa6be7!8m2!3d51.5391685!4d-0.1012661!16s%2Fg%2F1tj7_g5j!19sChIJC1oa3WYbdkgR52uq2KJoSf8?authuser=0&hl=en&rclk=1
Punjab Restaurant,Indian restaurant,4.3,,80 Neal St,,,https://www.google.com/maps/place/Punjab+Restaurant/data=!4m7!3m6!1s0x48761b32d462063b:0xf4cf9b277316dff4!8m2!3d51.5151154!4d-0.1265625!16s%2Fg%2F1tj5kmx2!19sChIJOwZi1DIbdkgR9N8Wcyebz_Q?authuser=0&hl=en&rclk=1
Aladin Indian Restaurant - Brick Lane's Award-Winning Curry House,Indian restaurant,4.8,,132 Brick Ln,,,https://www.google.com/maps/place/Aladin+Indian+Restaurant+-+Brick+Lane%27s+Award-Winning+Curry+House/data=!4m7!3m6!1s0x48761cb60b578cfd:0x87ba7e71414567ed!8m2!3d51.5206058!4d-0.0717396!16s%2Fg%2F1hc2llkwx!19sChIJ_YxXC7YcdkgR7WdFQXF-uoc?authuser=0&hl=en&rclk=1
Lahore Express London,Indian restaurant,3.3,,265 Bethnal Grn Rd,,,https://www.google.com/maps/place/Lahore+Express+London/data=!4m7!3m6!1s0x48761cc60dcb8579:0x8932dd4875057dd1!8m2!3d51.5264311!4d-0.0660624!16s%2Fg%2F1tfg2ky7!19sChIJeYXLDcYcdkgR0X0FdUjdMok?authuser=0&hl=en&rclk=1
Machan Kitchen - Sri Lankan Restaurant,Pakistani restaurant,4.8,,171 Farringdon Rd,,,https://www.google.com/maps/place/Machan+Kitchen+-+Sri+Lankan+Restaurant/data=!4m7!3m6!1s0x48761b64e3b44fd5:0x6a05533987a4a950!8m2!3d51.5244615!4d-0.1101362!16s%2Fg%2F11j_7x6tm4!19sChIJ1U-042QbdkgRUKmkhzlTBWo?authuser=0&hl=en&rclk=1
Gifto’s,Pakistani restaurant,4.3,,162-164 The Broadway,,,https://www.google.com/maps/place/Gifto%E2%80%99s/data=!4m7!3m6!1s0x487672a99aea0be9:0x5db8adccce24b0b!8m2!3d51.5123596!4d-0.3835071!16s%2Fg%2F1tczjzqm!19sChIJ6QvqmqlydkgRC0vizNyK2wU?authuser=0&hl=en&rclk=1
Cafe Tiffin,Indian restaurant,4.8,,69 Compton St,,,https://www.google.com/maps/place/Cafe+Tiffin/data=!4m7!3m6!1s0x48761b5089056d47:0x83e2fb75a659d29!8m2!3d51.5246062!4d-0.1025542!16s%2Fg%2F1wb8t5b7!19sChIJR20FiVAbdkgRKZ1lWrcvPgg?authuser=0&hl=en&rclk=1
Khan's of Kensington,Indian restaurant,4.7,,3 Harrington Rd,,,https://www.google.com/maps/place/Khan%27s+of+Kensington/data=!4m7!3m6!1s0x48760542a714078d:0xd29fd77a2c6a796a!8m2!3d51.4939481!4d-0.1750506!16s%2Fg%2F1tdkg3kb!19sChIJjQcUp0IFdkgRanlqLHrXn9I?authuser=0&hl=en&rclk=1
Sheba Brick Lane - Awarded Best Curry House In UK,Indian restaurant,4.7,,136 Brick Ln,,,https://www.google.com/maps/place/Sheba+Brick+Lane+-+Awarded+Best+Curry+House+In+UK/data=!4m7!3m6!1s0x48761cb60c7a1931:0xc755ac201034d1b7!8m2!3d51.5206625!4d-0.0717127!16s%2Fg%2F1tgnwq71!19sChIJMRl6DLYcdkgRt9E0ECCsVcc?authuser=0&hl=en&rclk=1
Muhib’s best in brick lane,Indian restaurant,4.8,,73 Brick Ln,,,https://www.google.com/maps/place/Muhib%E2%80%99s+best+in+brick+lane/data=!4m7!3m6!1s0x48761cb6422a6bef:0xe40c71eba6175904!8m2!3d51.5200656!4d-0.0719731!16s%2Fg%2F1tksmvpc!19sChIJ72sqQrYcdkgRBFkXputxDOQ?authuser=0&hl=en&rclk=1
Yatri Indian Restaurant,Indian restaurant,4.8,,3-9 Chalton St,,,https://www.google.com/maps/place/Yatri+Indian+Restaurant/data=!4m7!3m6!1s0x48761b43998a8687:0x8d789919b41eed8e!8m2!3d51.5284794!4d-0.1290923!16s%2Fg%2F11fmpcmzqf!19sChIJh4aKmUMbdkgRju0etBmZeI0?authuser=0&hl=en&rclk=1
City Spice - Voted Best Indian Restaurant on Brick Lane,Pakistani restaurant,4.7,,138 Brick Ln,,,https://www.google.com/maps/place/City+Spice+-+Voted+Best+Indian+Restaurant+on+Brick+Lane/data=!4m7!3m6!1s0x48761cb63dd2ca87:0x97d56051ad73ee0!8m2!3d51.520689!4d-0.071769!16s%2Fg%2F1trtttc1!19sChIJh8rSPbYcdkgR4D7XGgVWfQk?authuser=0&hl=en&rclk=1
Bengal Village - Best of Brick Lane,Indian restaurant,4.7,,75 Brick Ln,,,https://www.google.com/maps/place/Bengal+Village+-+Best+of+Brick+Lane/data=!4m7!3m6!1s0x48761d256fc65415:0xb3dbf312f46e8ec2!8m2!3d51.5201203!4d-0.0720148!16s%2Fg%2F11s4fyfzmh!19sChIJFVTGbyUddkgRwo5u9BLz27M?authuser=0&hl=en&rclk=1
Bengal Tiger Shoreditch,Indian restaurant,4.6,,108-110 Old St,,,https://www.google.com/maps/place/Bengal+Tiger+Shoreditch/data=!4m7!3m6!1s0x48761d6f22ac17a5:0x7a1aedef5785330e!8m2!3d51.524769!4d-0.0930547!16s%2Fg%2F11t40jm3kr!19sChIJpResIm8ddkgRDjOFV-_tGno?authuser=0&hl=en&rclk=1
"1947 Restaurant, Bar & Pizza Kitchen",Indian restaurant,4.7,,38 Middlesex St,,,"https://www.google.com/maps/place/1947+Restaurant,+Bar+%26+Pizza+Kitchen/data=!4m7!3m6!1s0x48761d3008b85f59:0xdfb80235aa3254f3!8m2!3d51.515608!4d-0.0753117!16s%2Fg%2F11gwmh2nzg!19sChIJWV-4CDAddkgR81QyqjUCuN8?authuser=0&hl=en&rclk=1"
Khan's Restaurant,Indian restaurant,3.9,,13-15 Westbourne Grove,,,https://www.google.com/maps/place/Khan%27s+Restaurant/data=!4m7!3m6!1s0x487610002327c729:0x91215afc361da80b!8m2!3d51.515621!4d-0.189074!16s%2Fg%2F1tdkg3pw!19sChIJKccnIwAQdkgRC6gdNvxaIZE?authuser=0&hl=en&rclk=1
Ambassadors Clubhouse,Punjabi restaurant,4.6,,25 Heddon St,,,https://www.google.com/maps/place/Ambassadors+Clubhouse/data=!4m7!3m6!1s0x487605a451cf03f7:0x781e3108cadca757!8m2!3d51.5110982!4d-0.1397908!16s%2Fg%2F11w9k497wt!19sChIJ9wPPUaQFdkgRV6fcyggxHng?authuser=0&hl=en&rclk=1
Mumtaz Restaurant,Indian restaurant,3.7,,4-10 Park Rd,,,https://www.google.com/maps/place/Mumtaz+Restaurant/data=!4m7!3m6!1s0x48761ac62f20f591:0xe456536e3e7063f4!8m2!3d51.5249517!4d-0.1596923!16s%2Fg%2F1tdc03hg!19sChIJkfUgL8YadkgR9GNwPm5TVuQ?authuser=0&hl=en&rclk=1
Curry House,Pakistani restaurant,3.9,,43 Kilburn High Rd,,,https://www.google.com/maps/place/Curry+House/data=!4m7!3m6!1s0x48761074d13d887b:0xdbc6a4671500b4d4!8m2!3d51.5363149!4d-0.1916803!16s%2Fg%2F1tdy8k0f!19sChIJe4g90XQQdkgR1LQAFWekxts?authuser=0&hl=en&rclk=1
The Monsoon - Best Indian Restaurant & Takeaway,Pakistani restaurant,4.6,,78 Brick Ln,,,https://www.google.com/maps/place/The+Monsoon+-+Best+Indian+Restaurant+%26+Takeaway/data=!4m7!3m6!1s0x48761dd820c9f155:0xe8b16fb96640617!8m2!3d51.519103!4d-0.0714633!16s%2Fg%2F11fm6r7kfq!19sChIJVfHJINgddkgRFwZklvsWiw4?authuser=0&hl=en&rclk=1
Afghan Grill,Afghan restaurant,,,339 Bethnal Grn Rd,,,https://www.google.com/maps/place/Afghan+Grill/data=!4m7!3m6!1s0x48761d558243a54b:0x4f0cc9a94fdd5d86!8m2!3d51.5268477!4d-0.0626463!16s%2Fg%2F11sf7kybqq!19sChIJS6VDglUddkgRhl3dT6nJDE8?authuser=0&hl=en&rclk=1
Dhaka Biryani,Pakistani restaurant,3.6,,96a Mile End Rd,,,https://www.google.com/maps/place/Dhaka+Biryani/data=!4m7!3m6!1s0x48761cd6a6f96a0f:0xe53025722b9ed4c8!8m2!3d51.5204299!4d-0.0522202!16s%2Fg%2F1tdw2z9k!19sChIJD2r5ptYcdkgRyNSeK3IlMOU?authuser=0&hl=en&rclk=1
Star Kebab House,Pakistani restaurant,4.2,,178 Earls Ct Rd,,,https://www.google.com/maps/place/Star+Kebab+House/data=!4m7!3m6!1s0x48760f8cb5a1367b:0x4f968d69bf5187c9!8m2!3d51.493452!4d-0.194812!16s%2Fg%2F1yp1b9pmv!19sChIJezahtYwPdkgRyYdRv2mNlk8?authuser=0&hl=en&rclk=1
Lahori,Pakistani restaurant,4.2,,2-4 Gateforth St,,,https://www.google.com/maps/place/Lahori/data=!4m7!3m6!1s0x48761ab743e53ab7:0x1b3ea246fcbd2154!8m2!3d51.524585!4d-0.1690055!16s%2Fg%2F1hc4mrvmr!19sChIJtzrlQ7cadkgRVCG9_EaiPhs?authuser=0&hl=en&rclk=1
Masala Yard,Pakistani restaurant,4.9,,239 Caledonian Rd,,,https://www.google.com/maps/place/Masala+Yard/data=!4m7!3m6!1s0x48761b08fed6642d:0x1505931807462ca2!8m2!3d51.5388532!4d-0.1168979!16s%2Fg%2F11nb5sbmkw!19sChIJLWTW_ggbdkgRoixGBxiTBRU?authuser=0&hl=en&rclk=1
Lahore Kebab House,Pakistani restaurant,4.0,,2-10 Umberston St,,,https://www.google.com/maps/place/Lahore+Kebab+House/data=!4m7!3m6!1s0x4876033335f03d43:0x736fe70b7dd62462!8m2!3d51.514627!4d-0.0630868!16s%2Fg%2F1t_hygb8!19sChIJQz3wNTMDdkgRYiTWfQvnb3M?authuser=0&hl=en&rclk=1
SHOLA Karachi Kitchen,Pakistani restaurant,4.5,,"SHOLA Unit 6 Media Works, Wood Ln",,,https://www.google.com/maps/place/SHOLA+Karachi+Kitchen/data=!4m7!3m6!1s0x48760f83d232053f:0x8e3a6934f0434a62!8m2!3d51.5134721!4d-0.2274893!16s%2Fg%2F11fjzxt65s!19sChIJPwUy0oMPdkgRYkpD8DRpOo4?authuser=0&hl=en&rclk=1
El Dionis Westminster - Pakistani & Dominican Bar Restaurant & Organic Coffee,Pakistani restaurant,5.0,,120-122 Horseferry Rd,,,https://www.google.com/maps/place/El+Dionis+Westminster+-+Pakistani+%26+Dominican+Bar+Restaurant+%26+Organic+Coffee/data=!4m7!3m6!1s0x487605c6073bf13d:0x1d0bae2df52ff950!8m2!3d51.4953324!4d-0.1327884!16s%2Fg%2F11y29sftvx!19sChIJPfE7B8YFdkgRUPkv9S2uCx0?authuser=0&hl=en&rclk=1
Beef & Buns (Halal) The Home of Burgers,Hamburger restaurant,4.5,,"8 Cable St, Tower Hill",,,https://www.google.com/maps/place/Beef+%26+Buns+%28Halal%29+The+Home+of+Burgers/data=!4m7!3m6!1s0x487603f230f00e8d:0x754c7bac0df0be2d!8m2!3d51.5107592!4d-0.0680395!16s%2Fg%2F11rmx644vd!19sChIJjQ7wMPIDdkgRLb7wDax7THU?authuser=0&hl=en&rclk=1
